	lassopeptide	guanidinotides	PKS-like	NRPS	RRE-containing	hglE-KS	T1PKS	NRPS-like	lanthipeptide-class-ii	NRP-metallophore	lanthipeptide-class-iii	other	T2PKS	nucleoside	thioamide-NRP	oligosaccharide	RiPP-like	HR-T2PKS	arylpolyene	terpene	butyrolactone	T3PKS	LAP	linaridin	lanthipeptide-class-v	transAT-PKS-like	NI-siderophore	lanthipeptide-class-i	aminopolycarboxylic-acid	transAT-PKS	betalactone	NAPAA	furan	lanthipeptide-class-iv	indole	phosphonate	thiopeptide	2dos	phenazine	melanin	CDPS	ectoine	blactam	aminocoumarin	hserlactone	redox-cofactor	pyrrolidine	amglyccycl	triceptide	prodigiosin	methanobactin	hydrogen-cyanide	thioamitides	resorcinol	isocyanide-nrp	lipolanthine	crocagin	phosphoglycolipid	cyanobactin	ranthipeptide
RuvB, RuvABC resolvasome, DNA repair	5	1	4	0	0	0	0	0	0	0	0	0	0	0	0	0	0	0	0	0	0	0	0	0	0	0	0	0	0	0	0	0	0	0	0	0	0	0	0	0	0	0	0	0	0	0	0	0	0	0	0	0	0	0	0	0	0	0	0	0
SARP, medium	1	0	7	63	12	3	20	18	25	10	17	3	3	7	1	4	2	3	2	7	1	1	12	5	0	0	0	0	0	0	0	0	0	0	0	0	0	0	0	0	0	0	0	0	0	0	0	0	0	0	0	0	0	0	0	0	0	0	0	0
DnaA, regulating chromosomal replication	0	0	0	1	0	0	0	0	0	0	0	0	1	0	0	0	0	0	0	0	0	0	0	0	4	0	0	0	0	0	0	0	0	0	0	0	0	0	0	0	0	0	0	0	0	0	0	0	0	0	0	0	0	0	0	0	0	0	0	0
Sigma54_activat - single domain	0	0	0	0	0	0	0	5	0	0	0	1	0	0	0	0	0	0	0	1	0	0	0	0	0	0	0	0	0	0	0	0	0	0	0	0	0	0	0	0	0	0	0	0	0	0	0	0	0	0	0	0	0	0	0	0	0	0	0	0
LuxR-like (AAA_16)	3	1	6	113	10	6	538	51	94	4	5	13	20	6	1	7	3	4	2	28	11	17	5	0	1	5	8	24	1	4	4	2	1	1	13	1	13	2	4	1	1	0	0	0	0	0	0	0	0	0	0	0	0	0	0	0	0	0	0	0
SARP-LAL-AAA_16	0	0	7	7	19	0	69	17	4	2	5	0	0	0	0	0	1	0	0	3	7	3	1	1	0	1	0	0	0	12	5	0	0	0	0	0	0	0	0	0	0	4	42	0	0	0	0	0	0	0	0	0	0	0	0	0	0	0	0	0
SARP, large	3	1	3	48	2	1	8	27	1	2	0	6	7	8	4	0	1	8	1	18	1	3	1	0	0	0	2	5	0	0	0	5	0	1	0	7	3	0	0	0	0	0	0	1	1	0	0	0	0	0	0	0	0	0	0	0	0	0	0	0
LuxR-like (AAA_22)	0	0	0	2	0	1	1	2	0	0	0	0	1	0	0	0	0	0	0	5	0	13	0	0	0	0	0	0	0	0	0	0	0	0	0	0	0	0	0	0	0	0	0	0	0	1	0	0	0	0	0	0	0	0	0	0	0	0	0	0
SARP-LAL-AAA_22	0	0	0	7	3	0	7	7	0	2	1	2	0	0	0	0	1	0	0	4	3	0	0	0	0	0	0	0	0	0	11	0	0	0	4	0	0	0	0	0	0	0	0	0	0	0	1	0	0	0	0	0	0	0	0	0	0	0	0	0
Histidine kinase-like	54	0	35	447	8	16	384	279	19	71	40	82	237	7	33	6	20	14	17	378	60	164	33	18	17	4	132	56	2	19	17	33	4	14	97	0	13	2	7	25	26	1	19	0	5	27	0	11	43	4	1	2	14	1	2	0	0	0	0	0
Two-component system, Trans_reg_C, Response_reg	9	0	19	151	3	5	77	111	5	24	5	18	152	2	7	5	5	11	2	55	68	45	0	2	2	4	56	7	1	5	25	13	1	3	1	1	2	0	2	4	20	0	2	0	0	21	0	2	40	1	1	2	12	0	0	0	0	0	0	0
Histidine kinase 2-like	40	2	14	321	32	15	257	170	6	49	60	48	194	2	19	9	64	24	15	348	21	153	28	6	1	0	59	132	1	16	25	64	4	9	15	3	14	4	4	14	25	8	2	0	0	27	2	1	2	0	1	6	3	0	0	5	4	0	0	0
Stress-induced reg. ABATE, zf-CGNR	13	0	6	35	1	1	36	24	0	8	1	1	12	0	0	1	3	3	0	35	2	14	1	0	2	0	22	2	0	0	4	1	0	2	4	0	1	0	1	1	0	3	0	0	0	0	0	0	6	0	0	0	3	0	0	0	0	0	0	0
zf-CGNR - single domain	2	0	0	7	1	0	12	5	2	2	0	0	0	1	0	0	0	0	0	17	0	4	0	0	0	0	0	0	0	0	0	0	0	0	0	0	0	0	0	0	0	0	0	0	0	0	0	0	0	0	0	0	0	0	0	0	0	0	0	0
PK_Tyr_Ser-Thr - single domain	2	0	1	4	0	0	11	7	0	1	0	0	5	0	0	0	0	0	0	2	0	0	3	0	0	0	0	1	0	0	0	0	0	0	0	0	0	0	0	0	0	0	0	0	0	0	0	0	0	0	0	0	0	0	0	0	0	0	0	0
UvrA, nucleotide excision repair	0	0	0	0	0	0	0	0	0	0	0	0	0	0	0	0	0	0	0	2	0	0	0	0	0	0	0	0	0	0	0	0	0	0	0	0	0	0	0	0	0	0	0	0	0	0	0	0	0	0	0	0	0	0	0	0	0	0	0	0
AbiEi_4 - single domain	0	0	0	0	0	0	0	0	0	0	1	0	0	0	0	0	0	0	0	0	0	0	0	0	0	0	0	0	0	0	0	0	0	0	0	0	0	0	0	0	0	0	0	0	0	0	0	0	0	0	0	0	0	0	0	0	0	0	0	0
DeoR sugar catabolism, Peripla_BP_3	18	1	8	146	4	2	67	45	54	13	19	10	67	5	4	3	8	0	11	28	16	109	1	0	1	3	86	10	5	4	6	12	1	6	2	0	4	0	0	1	5	1	0	0	0	2	0	1	0	0	0	22	0	0	0	0	0	0	0	0
IclR	5	0	0	61	3	1	62	25	0	10	16	8	24	2	0	1	3	27	25	38	7	18	1	2	1	1	100	2	0	4	49	25	1	2	0	0	0	1	0	0	4	32	0	0	0	4	0	0	0	0	0	0	1	0	0	0	0	1	0	0
AbrB - single domain	0	0	7	0	0	0	0	0	0	0	0	0	0	0	0	0	0	0	0	0	0	0	0	0	0	0	0	0	0	0	0	2	0	0	0	0	0	0	0	0	0	0	0	0	0	0	0	0	0	0	0	0	0	0	0	0	0	0	0	0
HTH_5 - single domain	11	0	42	122	8	12	122	49	0	34	35	14	52	1	4	1	9	5	8	52	19	13	25	0	4	0	20	4	0	6	2	19	1	3	8	0	5	0	2	11	13	0	0	1	0	0	4	0	0	0	0	1	0	0	4	0	0	0	0	0
LysR	53	0	29	305	15	23	243	157	6	67	35	62	59	12	3	5	59	8	6	188	60	111	12	3	3	0	31	16	3	27	36	35	1	14	4	7	11	7	5	30	30	8	20	0	1	11	0	1	2	0	0	10	3	0	1	2	0	0	2	0
AidB, DNA repair	0	0	0	8	0	0	5	0	0	0	0	1	23	0	0	1	0	0	0	6	0	5	0	1	0	0	0	0	0	0	0	23	0	0	0	0	0	0	0	0	0	0	0	0	0	0	0	0	0	0	0	0	0	0	0	0	0	0	0	0
AlkA, DNA repair	0	0	0	2	1	0	1	1	0	0	0	0	0	0	0	0	0	0	0	1	0	0	0	0	0	0	1	0	0	0	0	0	0	0	0	0	0	1	0	0	0	0	0	0	0	0	0	0	0	0	0	0	0	0	0	0	0	0	0	0
GntR, MocR type	4	0	1	36	2	4	13	34	0	0	0	3	7	0	1	1	1	4	2	11	1	6	1	0	0	0	3	0	0	4	1	7	2	0	1	1	0	0	0	4	8	2	15	0	0	0	0	0	0	0	0	0	0	0	0	0	0	0	1	0
TetR_C_11	4	0	5	93	2	3	56	33	0	24	4	4	28	1	0	0	6	4	5	57	3	28	1	0	1	0	148	3	0	2	2	2	0	1	1	0	0	0	2	12	3	1	0	0	0	0	0	0	0	0	0	0	2	0	0	0	0	0	0	0
AHSA1 - single domain	0	0	3	31	0	2	55	9	0	6	1	3	9	2	1	1	4	1	0	21	3	9	0	0	0	0	2	1	0	0	1	0	0	0	1	0	1	4	1	0	1	0	0	0	0	0	0	0	0	1	0	0	0	0	0	0	0	0	1	0
HTH20 - AHSA1 Heat shock protein	1	0	0	5	0	0	7	1	2	0	0	0	0	0	0	0	0	0	0	10	0	0	0	0	0	0	0	0	0	0	1	0	0	0	0	0	0	0	0	0	0	0	0	0	0	0	0	0	0	0	0	0	0	0	0	0	0	0	0	0
ANT - single domain	0	0	0	0	0	0	0	0	0	0	0	0	0	0	0	0	1	0	0	0	0	0	0	0	0	0	0	0	0	0	0	0	0	0	0	0	0	0	0	0	0	0	0	0	0	0	0	0	0	0	0	0	0	0	0	0	0	0	0	0
AmiR and NasR transcription antitermination regulators (ANTAR)	0	0	0	0	0	0	0	0	0	0	0	1	0	0	1	0	0	0	0	0	0	0	0	0	0	0	1	0	0	0	0	0	0	0	0	0	0	0	0	0	0	1	0	0	0	0	0	0	0	0	0	0	0	0	0	0	0	0	0	0
Arabinose-binding domain of AraC	0	0	0	3	0	5	4	4	0	0	0	0	0	0	0	0	0	0	0	0	0	2	0	1	0	0	0	0	0	2	0	0	1	0	0	0	0	0	0	0	0	0	0	0	0	0	0	0	0	0	0	0	0	0	0	0	0	0	0	0
AraC binding domain	9	0	1	39	0	0	29	19	4	6	3	1	11	0	0	1	7	2	0	46	3	27	0	0	0	0	5	3	0	0	3	3	1	1	5	0	1	0	0	0	0	0	1	0	0	1	0	0	0	0	0	14	0	0	0	2	0	0	0	0
XRE	1	0	3	77	10	2	61	25	0	14	3	3	16	0	0	0	4	0	3	225	4	116	2	0	0	0	5	1	0	0	9	1	0	0	1	0	2	0	0	0	3	0	0	0	0	1	0	0	0	0	0	21	0	0	0	0	0	0	1	0
Cupin_6, AraC family	3	0	3	8	0	1	14	5	0	5	6	26	6	0	3	0	5	0	2	17	7	4	1	1	0	0	0	1	0	0	0	7	0	1	2	0	0	0	4	0	0	1	0	0	0	1	0	0	0	0	0	0	0	0	0	0	0	0	0	1
XRE-like, HTH31	0	0	0	3	0	0	2	0	0	0	0	0	0	0	0	0	0	0	0	92	0	1	1	0	0	0	0	0	0	0	0	0	0	0	0	0	6	0	0	0	0	0	0	0	0	0	0	0	0	0	0	0	0	0	0	0	0	0	0	0
AraC binding domain 2	2	1	2	26	3	0	26	12	0	1	1	11	4	0	0	0	2	0	1	29	4	12	1	0	0	0	6	0	1	2	2	5	0	0	0	0	0	0	0	1	2	1	0	0	0	0	0	0	0	0	0	0	1	0	0	0	0	0	0	1
NrtR	0	0	0	3	0	0	9	2	0	8	0	0	2	0	0	0	0	0	0	1	0	0	0	1	0	0	3	0	0	0	0	0	0	0	1	0	0	0	0	0	0	0	0	0	0	0	0	0	0	0	0	0	0	0	0	0	0	0	0	0
Arc - single domain	0	0	0	15	0	0	0	0	0	0	0	0	1	0	0	0	0	0	0	3	0	0	0	0	0	0	0	0	0	0	0	0	0	1	0	0	0	0	0	1	0	0	0	0	0	0	0	0	0	0	0	0	0	0	0	0	0	0	0	0
ArgR	1	0	0	0	0	0	0	4	0	0	0	0	0	0	0	0	0	0	0	0	0	0	0	0	0	0	0	0	0	0	0	0	0	0	0	0	0	0	0	0	0	0	0	0	0	0	0	0	0	0	0	0	0	0	0	0	0	0	0	0
AsnC, asparagine synthesis	2	0	4	16	0	0	35	12	2	3	0	0	6	0	2	1	4	0	0	69	2	7	0	0	1	1	1	7	0	0	1	4	0	2	0	0	0	0	0	1	5	0	0	0	0	10	0	0	0	0	0	0	0	0	0	0	0	1	0	0
AsnC, HTH24, asparagine synthesis	9	0	8	76	2	3	39	49	0	4	2	16	33	1	1	0	4	0	0	80	9	95	1	0	0	0	9	2	2	4	2	6	0	2	1	1	3	0	1	2	1	10	0	0	0	1	0	1	0	0	0	1	0	0	0	0	0	0	0	0
AsnC 3, asparagine synthesis	0	0	0	0	0	0	2	0	0	0	0	2	0	0	0	0	0	0	0	0	0	0	0	0	0	0	0	0	0	0	0	0	0	0	0	0	0	0	0	0	0	0	0	0	0	0	0	0	0	0	0	0	0	0	0	0	0	1	0	0
ASRT - single domain	0	0	0	1	0	0	0	0	0	0	0	0	0	0	0	0	0	0	0	0	0	0	0	0	0	0	0	0	0	0	0	0	0	0	0	0	0	0	0	0	0	0	0	0	0	0	0	0	0	0	0	0	0	0	0	0	0	0	0	0
NrdR	0	0	0	0	0	0	0	0	0	0	0	0	0	0	0	0	0	0	0	1	0	0	0	0	0	0	407	0	0	0	0	0	0	0	0	0	0	0	0	0	0	0	0	0	0	0	0	0	0	0	0	0	0	0	0	0	0	0	0	0
A_amylase_inhib - single domain	0	0	0	1	0	0	3	1	0	0	1	0	0	0	0	0	0	0	0	3	0	1	0	0	0	0	0	0	0	0	1	0	0	0	0	0	0	0	0	0	0	0	0	0	0	0	0	0	0	0	0	0	0	0	0	0	0	0	0	0
HTH_27 - single domain	3	0	0	5	1	1	2	6	0	8	0	1	1	0	0	0	0	0	0	0	2	0	1	0	0	0	0	0	0	1	1	2	0	0	0	0	0	0	0	0	2	0	0	0	0	0	0	0	0	0	0	1	0	0	0	0	0	0	0	0
LitR-like, MerR family	0	0	0	43	0	0	6	2	0	0	1	0	1	0	0	0	0	0	0	66	0	1	0	0	0	0	0	0	0	0	0	0	0	0	0	0	0	0	0	0	0	0	0	0	0	0	0	0	0	0	0	0	0	0	0	0	0	0	0	0
Bac_DNA_binding - single domain	0	0	0	18	0	0	1	0	0	0	0	0	0	0	0	0	0	0	0	0	0	0	0	0	0	0	0	0	0	0	0	0	0	0	0	0	0	0	0	0	1	0	0	0	0	0	0	0	0	0	0	0	0	0	0	0	0	0	0	0
Barstar - single domain	0	0	2	8	2	0	11	8	0	2	1	1	4	0	0	0	0	0	0	3	2	5	0	0	0	0	12	0	0	0	0	0	0	1	0	0	0	0	0	1	0	0	0	0	0	0	0	0	0	0	0	0	0	0	0	0	0	0	0	1
BaxI_1 - single domain	0	0	0	1	0	0	5	0	0	0	0	0	1	0	0	0	0	0	0	0	0	2	0	0	0	0	0	0	0	0	0	0	1	0	0	0	0	0	0	0	0	0	0	0	0	0	0	0	0	0	0	0	0	0	0	0	0	0	0	0
ROK, IclR, carbon catabolite repression	2	0	0	8	0	0	5	3	0	2	0	0	1	0	0	0	0	0	0	3	0	0	0	0	0	0	1	5	0	0	0	1	0	0	1	0	0	0	0	0	0	0	0	0	0	0	0	0	0	0	0	0	0	0	0	0	0	0	0	0
TetR_C_6, BetI-like	4	1	9	75	21	1	54	25	3	17	0	10	18	1	0	0	13	0	3	24	6	38	20	3	1	0	36	8	1	8	4	0	0	5	0	0	8	0	2	10	3	0	0	0	0	0	0	0	0	2	0	2	0	0	0	0	0	0	0	0
Metallo beta lactamases	0	0	0	0	1	0	1	0	0	0	0	0	1	0	0	0	0	0	0	3	0	1	0	0	0	0	0	0	0	0	0	0	0	0	0	0	0	0	0	0	0	0	0	0	0	0	0	0	0	0	0	0	0	0	0	0	0	0	0	0
BldD	0	0	0	0	0	0	0	0	0	0	0	0	0	0	0	0	0	0	0	0	1	0	1	0	0	0	0	0	0	0	0	0	0	0	0	0	0	1	0	0	0	0	0	0	0	0	0	0	0	0	0	0	0	0	0	0	0	0	0	0
BPA - single domain	0	0	0	1	0	0	1	0	0	0	0	0	0	0	0	0	0	0	0	0	0	2	0	0	0	0	0	1	0	0	0	0	0	0	0	0	0	0	0	0	0	0	0	0	0	0	0	0	0	0	0	0	0	0	0	0	0	0	0	0
BsuBI_PstI_RE_N - single domain	0	0	0	0	0	0	1	0	0	0	0	0	0	0	0	0	0	0	0	0	0	0	0	0	0	0	0	0	0	0	0	0	0	0	0	0	0	0	0	0	0	0	0	0	0	0	0	0	0	0	0	0	0	0	0	0	0	0	0	0
SARP, small	2	0	57	57	1	4	158	49	11	1	0	59	152	0	10	11	54	7	1	9	89	29	41	2	0	0	1	1	3	10	3	1	1	2	0	0	5	0	0	4	0	1	1	0	0	0	0	0	0	22	0	4	0	0	0	0	0	0	0	1
BTAD - single domain	2	0	2	34	4	1	55	9	8	0	1	6	14	1	0	0	3	0	0	6	9	3	1	1	0	0	0	1	0	1	2	0	0	4	0	1	2	0	1	0	0	1	5	0	0	0	2	1	0	9	0	0	0	0	0	1	0	0	10	3
SARP, other, medium	3	0	1	23	31	0	8	1	0	0	0	3	5	1	0	0	0	0	2	0	1	1	7	0	0	0	1	0	0	0	0	0	0	1	0	0	0	0	0	0	0	0	0	0	0	0	0	0	0	0	0	0	0	0	0	0	0	0	0	0
SARP, other, large	0	0	0	4	4	0	12	1	1	1	0	0	0	0	0	10	0	1	0	3	6	0	3	0	0	0	0	2	0	0	0	0	0	0	0	0	0	0	0	0	1	0	0	0	0	0	0	0	0	0	0	0	0	0	0	0	0	0	0	0
Sigma70, CAP, Cysteine-rich secretory protein	1	0	1	15	0	0	5	4	0	3	0	1	2	1	0	0	3	0	0	2	0	0	0	0	0	0	0	0	0	1	1	0	0	0	0	0	0	0	0	2	0	0	0	0	0	0	0	0	0	0	0	1	0	0	0	0	0	0	0	0
Carboxypeptidase regulatory-like, MFS transporter	0	0	0	5	0	1	3	3	0	10	2	0	4	0	7	0	0	0	0	8	29	0	0	0	0	0	1	1	0	0	0	0	0	1	0	0	0	1	0	0	1	0	0	0	0	0	0	0	0	0	0	0	0	0	0	0	0	0	0	0
GyrI-like, cyclopropanoid hydrolysis, AraC family	3	0	2	6	0	0	16	0	0	1	0	0	1	0	0	0	0	0	0	4	0	2	0	0	0	0	2	0	0	0	0	1	0	0	0	0	0	0	0	0	0	0	0	0	0	0	0	0	0	0	0	0	0	0	0	0	0	0	0	0
RHH_1 - single domain	0	0	0	4	0	0	1	13	0	0	1	0	3	0	0	0	0	0	0	2	1	1	0	0	0	0	0	1	0	0	0	0	2	1	0	0	0	0	0	0	0	0	0	0	0	0	0	1	0	0	0	0	0	0	0	0	0	0	0	0
CDKN3 - single domain	0	0	1	2	0	0	0	0	0	0	0	0	0	0	0	0	0	0	0	0	0	0	0	0	0	0	0	0	0	0	0	0	0	0	0	0	0	0	0	0	0	0	0	0	0	0	0	0	0	0	0	0	0	0	0	0	0	0	0	0
CENP-B_N - single domain	0	0	0	0	0	0	0	0	0	0	0	0	1	0	0	0	0	0	0	0	0	0	0	0	0	0	0	0	0	0	0	0	0	0	0	0	0	0	0	0	0	0	0	0	0	0	0	1	0	0	0	0	0	0	0	0	0	0	0	0
HTH_28 - single domain	0	0	0	4	0	0	7	0	0	1	0	1	1	0	0	0	0	0	0	2	0	0	1	10	0	0	0	0	0	0	0	0	0	0	0	0	0	0	0	0	0	0	0	0	0	1	0	0	0	0	0	0	0	0	0	0	0	0	0	0
LuxR	45	0	20	325	5	17	237	144	9	44	55	43	121	19	15	6	68	12	9	137	51	61	87	22	11	2	83	27	1	11	21	15	4	11	7	1	13	1	6	16	4	3	4	0	3	7	1	5	1	2	0	2	6	0	0	0	0	0	0	8
HTH_17 - Citrate_synt	0	0	0	0	0	0	0	2	0	0	0	0	0	0	0	0	0	0	0	0	0	0	0	0	0	0	0	0	0	0	0	0	0	0	0	0	0	0	0	0	0	0	0	0	0	0	0	0	0	0	0	0	0	0	0	0	0	0	0	0
Crp	1	0	2	7	1	0	4	3	0	1	0	0	2	0	0	0	0	0	0	24	0	2	0	0	0	0	0	8	0	2	0	0	0	0	0	0	1	0	0	0	0	0	0	0	0	0	0	0	0	0	0	0	1	0	0	0	0	0	0	0
HTH11, WYL	0	0	9	30	1	2	20	26	0	9	0	7	30	1	0	2	5	0	0	36	4	8	1	1	2	0	5	4	0	3	1	5	0	1	0	3	2	1	8	0	4	0	0	0	0	0	0	0	0	0	0	4	1	0	0	0	0	0	0	0
HTH11, response_reg	0	0	0	1	0	0	1	0	0	0	0	0	3	0	0	0	0	0	0	0	0	0	0	0	0	0	0	0	0	0	0	0	0	0	0	0	0	0	0	0	0	0	0	0	0	0	0	0	0	0	0	0	0	0	0	0	0	0	0	0
HTH_Crp_2 - single domain	0	0	0	9	0	0	2	0	0	0	1	1	0	0	0	0	0	0	0	1	1	0	0	0	0	0	4	0	0	2	0	0	0	0	0	0	0	0	0	0	0	0	0	0	0	1	0	0	0	0	0	0	0	0	0	0	0	0	0	0
Inhibitor_I36 - single domain	5	0	2	31	3	0	19	50	1	5	0	5	8	0	1	0	7	1	0	28	1	10	2	0	0	0	4	1	0	1	1	0	0	1	4	0	1	0	0	0	0	0	1	0	0	1	0	0	0	0	0	4	2	0	0	0	0	0	0	3
CSD - single domain	38	4	17	73	1	2	53	21	0	10	23	8	49	1	3	6	9	0	1	23	12	79	1	0	3	0	2	1	0	0	3	6	0	3	0	0	1	0	0	0	2	0	0	0	0	0	0	0	0	0	0	1	3	0	0	0	0	0	0	0
Endonuclease 3, HTH32	0	0	0	3	0	0	3	3	1	0	0	0	1	0	0	0	0	0	1	4	1	0	0	1	0	0	0	0	0	1	0	0	0	0	0	0	0	0	0	0	0	0	0	0	0	0	0	0	0	0	0	0	1	0	0	0	0	0	0	0
Endonuclease 3, HTH29	0	0	0	3	0	1	14	0	0	0	0	0	1	0	0	0	0	0	0	6	1	2	0	1	0	0	1	0	0	0	0	0	0	1	0	0	0	0	0	0	0	0	0	0	0	0	0	0	0	0	0	0	0	0	0	0	0	0	0	0
HTH_23, HTH_33	3	0	0	4	0	0	4	3	0	0	1	0	2	0	0	0	0	1	2	2	0	2	0	0	0	1	1	0	0	0	1	0	0	0	0	1	0	0	0	0	0	1	0	0	0	1	0	0	0	0	0	0	0	0	0	0	0	0	0	0
Endonuclease 1	2	0	0	16	0	0	12	0	0	0	0	0	1	0	2	0	1	0	1	4	3	2	0	2	0	0	2	2	0	1	0	3	0	1	0	0	0	0	0	0	0	1	0	0	0	0	0	0	0	0	0	0	2	0	0	0	0	0	0	0
Endonuclease 4	0	0	0	16	0	0	12	6	0	2	2	2	4	0	0	0	2	0	0	11	5	0	3	4	0	1	3	5	0	1	0	0	0	0	0	2	0	0	0	0	0	0	1	0	0	1	0	0	0	0	0	0	3	0	0	0	0	0	0	0
DeoR sugar catabolism	2	0	13	73	0	10	35	27	0	25	4	6	7	0	0	0	1	0	9	21	3	33	1	1	1	0	2	2	0	0	0	4	0	0	0	0	2	0	2	0	2	0	1	0	0	1	0	0	0	0	0	0	0	0	0	0	4	0	0	0
Anti-sigma factor, Mycothiol maleylpyruvate isomerase	1	0	0	0	0	0	0	0	0	0	0	0	0	0	0	0	0	0	0	4	0	0	0	0	0	0	0	0	0	0	0	0	0	0	0	0	0	0	0	0	0	23	0	0	0	0	0	0	0	0	1	0	0	0	0	0	0	0	0	0
ROK, HTH24, carbon catabolite repression	0	0	0	3	2	0	2	11	0	0	1	1	0	0	2	0	2	0	0	10	0	0	1	0	0	0	2	0	0	1	0	1	0	0	0	0	0	0	0	0	0	0	0	0	0	0	0	0	0	0	0	0	0	0	0	0	0	0	0	0
DJ-1_PfpI	3	0	9	49	4	3	43	52	1	6	4	3	7	1	0	3	5	5	1	165	10	12	0	1	0	0	285	3	0	3	7	13	1	3	0	0	2	0	0	0	4	30	2	0	0	0	0	0	0	0	0	0	3	0	0	0	0	0	0	0
AraC-HTH	0	0	1	16	0	0	13	6	0	0	0	0	5	4	0	0	20	0	0	6	1	1	0	0	1	0	2	0	0	0	0	0	0	0	3	0	1	0	0	0	1	0	0	0	0	1	0	0	0	0	0	0	0	0	0	0	0	0	0	0
6-O-methylguanine-DNA methyltransferases, DNA repair protein	2	0	2	13	4	2	23	4	0	0	0	0	2	0	0	3	0	0	0	1	21	0	0	0	0	0	1	0	1	0	0	1	0	4	0	0	0	4	0	8	0	0	0	0	0	1	0	0	0	0	0	3	0	0	0	0	0	0	0	0
DNA_binding_1 - single domain	0	0	0	0	0	0	0	0	0	0	0	1	0	0	0	0	0	0	0	3	14	4	0	0	0	0	1	1	0	0	0	1	0	0	0	0	0	0	0	0	0	0	0	0	0	0	0	0	0	0	0	0	0	0	0	0	0	0	0	0
DNA polymerase III beta subunit, MerR family	1	0	0	0	0	0	1	1	0	0	0	0	1	0	0	0	0	0	0	3	1	8	0	0	0	0	0	0	0	0	0	0	0	0	0	0	0	0	0	0	0	0	0	0	0	1	0	0	0	0	0	0	0	0	0	0	0	0	0	0
LexA_DNA_bind - single domain	0	0	0	0	0	0	9	0	0	0	0	1	0	0	0	0	0	0	0	3	0	1	0	0	0	0	0	3	0	0	0	0	0	0	0	0	0	0	0	0	1	0	0	0	0	0	0	0	0	0	0	0	0	0	0	0	0	0	0	0
ArsR	0	0	1	7	0	0	5	2	0	1	0	0	2	1	0	0	0	1	0	8	1	0	0	0	1	0	0	0	0	0	0	2	0	1	0	0	0	0	0	0	0	0	0	0	0	0	0	0	0	0	0	0	0	0	0	0	0	0	0	0
HTH_24 - single domain	1	0	0	6	0	0	0	0	0	1	0	2	0	0	0	0	2	0	0	1	1	0	0	0	0	0	1	0	0	1	0	0	0	1	1	0	0	0	0	0	0	0	0	0	0	1	0	0	0	0	0	0	0	0	0	0	0	0	0	0
Fe-dependent repressor, Diphtheria toxin repressor	0	0	0	0	0	0	0	0	0	0	0	0	0	0	0	0	0	0	0	0	0	1	0	0	0	0	0	0	0	0	0	0	0	0	0	0	0	0	0	0	0	0	0	0	0	0	0	0	0	0	0	0	0	0	0	0	0	0	0	0
Pyridoxamine 5'-phosphate oxidase	0	0	0	1	0	1	2	0	0	4	0	0	4	0	0	0	0	0	0	3	1	1	0	0	3	1	0	1	0	0	0	0	0	0	0	0	0	0	1	0	0	0	0	0	0	0	0	0	0	0	0	0	0	0	0	0	0	0	0	0
DUF2063 - single domain	0	0	0	0	0	0	0	0	0	0	0	0	0	0	0	0	10	0	0	0	0	0	0	0	0	0	0	0	0	0	0	0	0	0	0	0	0	0	0	0	0	0	0	0	0	0	0	0	0	0	0	0	0	0	0	0	0	0	0	0
DUF2089 - single domain	0	0	0	2	0	0	0	0	0	0	0	1	0	0	0	0	0	0	0	0	0	0	0	0	0	0	0	0	0	0	0	0	0	0	0	0	0	0	0	0	0	0	0	0	0	0	0	0	0	0	0	0	0	0	0	0	0	0	0	0
DUF4910 - HTH_47	0	0	0	1	0	0	7	1	0	0	1	2	0	0	0	2	0	0	0	3	0	0	0	0	0	0	1	1	0	0	0	0	0	0	0	0	0	0	0	0	0	0	0	0	0	0	0	0	0	0	0	0	0	0	0	0	0	0	0	0
DUF2690, HTH31	2	0	0	1	0	0	1	2	0	0	0	1	1	0	0	0	1	1	0	1	0	0	0	0	0	0	1	0	0	0	0	3	0	0	0	0	0	0	0	0	0	0	0	0	0	1	0	0	0	0	0	0	0	0	0	0	0	0	0	0
DUF5753, HTH31	26	0	7	174	4	7	75	34	0	7	6	7	63	1	10	3	17	16	7	137	10	30	2	5	2	0	59	62	15	4	0	20	0	6	4	3	2	0	4	8	3	1	2	0	0	22	0	0	5	0	0	2	4	0	0	2	0	0	0	0
DUF5753, HTH3	1	0	0	1	0	1	2	3	0	0	0	0	2	0	0	0	0	0	2	3	1	0	1	0	0	0	0	0	0	0	0	0	0	0	0	0	2	0	0	0	0	0	0	0	0	0	0	0	0	0	0	0	0	0	0	0	0	0	0	0
Sigma70-2	53	0	11	168	10	7	108	68	3	13	5	34	46	0	1	4	19	2	7	297	16	54	3	5	0	0	31	27	1	1	5	13	0	7	4	0	6	0	20	5	11	65	0	0	1	18	0	0	0	0	0	4	9	0	1	2	0	0	0	0
HTH20 - DUF5937	1	0	0	2	0	0	1	3	0	0	0	0	0	0	0	0	0	0	0	4	0	1	0	0	0	0	0	1	0	0	0	0	0	0	0	0	0	0	0	0	0	0	0	0	0	0	0	0	0	0	0	0	0	0	0	0	0	0	0	0
DUF6597	0	0	0	2	0	0	3	2	0	2	0	0	21	0	0	1	1	0	0	2	0	4	0	2	0	0	1	1	0	0	0	23	0	0	0	0	0	0	0	0	2	0	0	0	0	0	0	0	0	0	0	0	0	0	0	0	0	0	0	0
IclR, Response_reg	0	0	0	2	1	0	4	0	0	0	0	0	0	0	0	0	0	0	0	0	0	0	0	0	0	0	0	0	0	0	0	4	0	0	0	0	0	0	0	1	0	0	0	0	0	0	0	0	0	0	0	0	0	0	0	0	0	0	0	0
TetR_C_13_2 - single domain	0	0	0	0	0	0	0	0	0	0	0	0	0	0	0	0	0	0	0	0	2	0	0	0	0	0	0	0	0	0	0	0	0	0	0	0	0	0	0	0	0	0	0	0	0	0	0	0	0	0	0	0	0	0	0	0	0	0	0	0
EPSP synthase	2	0	2	24	0	0	4	2	0	2	1	2	1	0	1	0	0	0	0	1	0	0	0	1	0	0	0	1	0	0	0	5	0	0	0	0	0	0	0	0	0	0	0	0	1	0	0	0	0	0	0	1	0	0	0	0	0	0	0	0
GntR, FCD containing	3	1	5	70	2	5	110	71	0	19	8	6	67	5	0	0	6	10	2	30	15	29	1	4	0	1	10	5	0	4	4	79	1	2	9	0	1	8	4	2	3	0	1	0	0	0	0	2	0	0	0	265	0	0	1	0	0	0	0	0
Oxidoreductases	0	0	0	1	0	0	0	1	0	0	0	0	2	0	0	0	0	0	0	0	0	0	0	0	0	0	1	0	0	1	0	2	0	0	0	0	0	0	0	0	0	0	0	0	0	0	0	0	0	0	0	0	0	0	0	0	0	0	0	0
Formamidopyrimidine-DNA glycosylase (Fpg), DNA repair	0	0	0	7	0	1	17	13	0	0	0	0	5	0	0	0	0	0	0	14	0	0	0	0	0	0	0	0	0	0	0	0	0	1	1	0	0	0	0	0	0	0	0	0	0	0	0	0	0	0	0	0	0	0	0	0	0	0	0	0
FBP_C - single domain	0	0	0	25	0	0	3	8	0	2	0	0	0	0	0	0	0	0	7	9	3	1	0	0	0	0	0	0	0	0	0	0	0	0	0	3	0	0	0	2	0	0	0	0	0	0	0	0	0	0	0	0	0	0	0	0	0	0	0	0
MarR	1	0	1	2	0	1	1	2	0	1	0	0	2	0	0	0	0	0	1	4	0	1	0	0	0	0	5	1	0	1	0	1	0	0	0	0	0	0	0	2	0	1	0	0	0	0	0	0	0	0	0	0	0	0	0	0	0	0	0	0
HTH_36 - single domain	0	0	0	3	0	0	9	0	0	0	0	0	1	0	0	0	0	0	1	0	1	1	0	0	0	0	0	2	0	0	0	0	0	0	0	0	1	0	0	0	0	0	0	0	0	0	0	0	0	0	0	0	0	0	0	0	0	0	0	0
FitA-like_RHH - single domain	0	0	0	0	0	0	3	0	0	0	0	0	0	0	0	0	0	0	0	0	0	0	0	0	0	0	1	0	0	0	0	0	0	0	0	0	0	0	0	0	0	0	0	0	0	0	0	0	0	0	0	0	0	0	0	0	0	0	0	0
FUR - single domain	1	0	0	24	0	5	23	3	2	10	4	3	20	0	0	0	0	0	1	3	1	0	1	0	0	0	1	0	0	0	5	9	0	1	0	0	0	0	0	0	1	0	0	0	0	0	0	0	0	0	0	0	0	0	0	0	0	0	0	0
HTH30, GAF	0	0	0	24	0	0	11	11	0	1	0	1	8	0	0	3	0	0	0	7	0	1	0	0	0	0	5	0	0	0	0	2	0	1	7	0	0	0	5	0	2	0	0	0	0	0	0	1	0	0	0	0	0	0	0	0	0	0	0	0
Histidine kinase, GAF, Response_reg	0	0	0	1	0	0	1	3	0	0	0	0	1	0	0	1	0	0	0	0	0	0	0	0	0	0	0	0	0	0	0	0	0	0	0	0	0	0	0	0	0	0	0	0	0	0	0	0	0	0	0	0	0	0	0	0	0	0	0	2
HAMP, Response_reg	0	0	0	4	0	0	4	0	0	0	0	1	0	0	0	0	4	0	3	0	1	0	0	0	0	0	0	0	0	0	0	0	0	0	0	0	1	0	0	0	0	0	0	0	0	0	0	0	10	0	0	0	0	0	0	0	0	0	0	0
LuxR-like (GAF)	0	0	1	5	0	1	4	12	0	0	0	0	0	0	0	0	3	0	0	4	0	1	0	0	0	0	2	2	0	0	0	1	0	0	0	0	0	0	0	0	3	0	0	0	0	1	0	0	0	0	0	0	0	0	0	0	0	0	0	0
Stage II sporulation protein E (SpoIIE), Response_reg	0	0	0	9	0	1	9	11	2	0	0	1	2	0	2	0	0	0	0	3	0	3	0	0	0	0	3	0	0	1	0	2	0	2	0	0	1	0	0	0	0	0	0	0	0	0	0	0	0	0	0	0	0	0	0	0	0	0	0	0
LuxR-like (PAS), small	0	0	0	19	0	0	76	4	0	0	0	1	0	0	0	2	0	0	0	1	0	1	0	0	0	1	0	0	0	0	0	0	0	0	0	0	0	0	0	0	0	0	0	0	0	0	0	0	0	0	0	0	0	0	0	0	0	0	0	0
LuxR-like (PAS), large	0	0	0	0	0	0	0	1	0	0	0	79	0	0	0	0	0	0	0	0	0	0	0	0	0	0	0	0	0	0	0	0	0	0	0	0	0	0	0	0	0	0	0	0	0	0	0	0	0	0	0	0	0	0	0	0	0	0	0	0
Sigma70_r4_2 - single domain	0	0	4	58	1	1	14	13	1	2	0	4	3	0	5	0	2	0	2	5	2	9	0	4	0	0	14	1	0	0	1	0	0	0	2	0	1	0	2	0	2	0	0	0	0	0	0	0	0	2	0	0	0	0	0	0	0	0	0	0
Sigma70	14	0	4	79	2	1	55	30	2	23	3	11	25	1	8	1	2	0	0	127	7	22	13	1	1	0	19	9	1	7	1	24	0	2	0	3	1	0	1	10	0	11	1	0	0	0	0	0	0	0	0	1	1	0	1	0	0	0	0	5
Sigma70_r4 - single domain	1	0	1	7	8	0	5	5	0	3	1	0	1	0	0	1	0	0	0	2	2	0	0	0	0	0	0	2	0	0	0	6	0	0	0	1	1	1	0	0	0	0	0	0	0	0	0	0	0	0	0	0	0	0	0	0	0	0	0	1
HTH_IclR - single domain	2	0	0	27	0	0	6	11	0	0	2	0	3	1	0	0	2	0	3	5	0	5	1	0	0	0	0	5	0	1	8	3	0	0	0	0	0	0	0	0	0	0	0	0	0	0	0	2	0	0	0	0	0	0	0	0	0	0	0	0
PucR, purine catabolism regulatory protein, GGDEF_2	4	0	0	35	3	0	35	20	0	2	0	1	16	1	0	2	1	0	0	18	1	5	0	0	0	1	5	7	0	1	3	2	0	0	0	0	1	0	0	0	1	1	0	0	0	0	0	0	0	0	0	0	2	0	0	0	0	0	0	0
PucR, purine catabolism regulatory protein, all	1	0	0	6	0	3	16	6	0	0	0	0	16	0	0	1	0	0	0	1	1	0	0	0	0	0	3	1	0	0	0	1	0	0	5	0	0	0	0	0	0	0	0	0	0	0	0	0	0	0	0	1	0	0	0	0	0	0	0	0
GKRP_SIS_N - single domain	0	0	0	5	0	0	0	1	0	0	0	0	8	0	0	0	0	0	0	1	0	1	0	0	0	0	0	0	0	0	0	0	0	0	0	0	0	0	0	0	0	0	0	0	0	0	0	0	0	0	0	0	0	0	0	0	0	0	2	0
GlnR	0	0	0	0	0	0	0	1	0	0	0	1	2	0	0	0	0	0	0	2	0	0	0	0	0	0	0	0	0	0	0	0	0	0	0	0	0	0	0	0	0	0	0	0	0	0	0	0	0	0	0	0	0	0	0	0	0	0	0	0
GntR, DasR/HutC like	13	1	10	68	9	2	46	30	1	15	2	22	29	1	2	4	9	0	6	178	12	15	12	1	7	2	35	2	0	2	2	14	0	1	7	0	2	2	0	5	2	0	1	0	0	3	0	1	0	0	0	0	0	0	0	0	1	0	0	0
Rrf2 - single domain	0	0	1	20	1	0	20	8	1	0	0	1	4	0	0	0	5	0	0	17	2	11	0	0	0	0	3	3	0	1	7	0	0	0	3	0	0	0	0	0	0	0	1	0	0	1	0	0	0	0	0	0	0	0	0	0	0	0	0	0
GreA_GreB - single domain	0	0	0	17	0	0	0	2	0	0	0	0	0	0	0	0	2	0	0	0	0	0	0	0	0	0	0	0	0	0	0	0	0	0	0	0	0	0	0	0	0	0	0	0	0	0	0	0	0	0	0	0	0	0	0	0	0	0	0	0
GreA/GreB, transcription elongation factor	0	0	0	7	0	0	6	1	0	0	0	0	2	0	0	1	11	0	0	1	0	0	0	0	0	0	0	0	0	0	0	0	0	0	0	0	0	1	0	0	0	0	0	0	0	0	0	0	0	0	0	0	0	0	0	0	0	0	0	0
GyrI-like, cyclopropanoid hydrolysis, MerR family	1	0	0	2	0	4	11	3	0	0	0	0	1	0	1	0	0	0	0	3	1	0	0	0	0	0	1	0	0	0	0	0	0	0	0	0	0	4	0	0	0	0	0	0	0	0	0	0	0	0	0	0	0	0	0	0	0	0	0	0
Histidine kinase, Response_reg	0	0	0	0	0	0	0	0	0	0	0	1	0	0	2	0	0	0	0	0	0	0	0	0	0	0	0	0	0	0	0	0	0	0	0	0	0	0	0	0	0	0	0	0	0	0	0	0	0	0	0	0	0	0	0	0	0	0	0	0
HATPase_c_3 - single domain	0	0	0	5	0	0	1	2	0	0	0	0	5	0	2	0	0	0	0	20	0	1	0	0	1	0	0	0	0	0	0	0	0	0	0	0	0	0	0	0	0	0	0	0	0	0	0	0	0	0	0	0	0	0	0	0	0	0	0	0
Molecular chaperones, or heat shock proteins (Hsps)	0	0	0	22	0	0	3	4	0	1	1	3	2	0	0	0	0	0	1	8	1	2	0	0	0	0	8	0	0	0	0	0	0	0	0	1	0	0	0	0	0	0	0	0	0	0	0	0	0	0	0	0	0	0	0	0	0	0	0	0
HEAT repeats, MerR family	1	0	0	7	1	0	3	1	1	1	1	0	1	1	0	0	0	0	0	15	1	2	0	0	0	0	1	2	0	0	0	0	0	0	0	0	0	0	0	0	1	0	0	0	0	0	0	0	0	0	0	0	0	0	0	0	0	0	0	0
RecR, DNA repair	0	0	0	0	0	0	2	1	0	1	0	0	4	0	0	0	0	0	0	1	0	2	0	0	0	0	0	2	0	0	0	0	0	0	0	0	0	0	0	0	5	0	0	0	0	0	0	0	0	0	0	0	0	0	0	0	0	0	0	0
HisKA_3 - single domain	4	0	4	44	1	11	33	19	2	2	10	3	41	16	1	3	50	1	4	15	7	6	53	4	2	2	20	2	1	3	1	4	1	2	1	0	4	0	1	14	3	4	1	0	0	0	0	0	0	0	0	1	0	0	0	0	0	0	0	0
HTHP - single domain	1	0	0	0	0	0	0	0	0	0	0	0	0	0	0	0	0	0	0	0	0	0	0	0	0	0	0	0	0	0	0	0	0	0	0	0	0	0	0	0	0	0	0	0	0	0	0	0	0	0	0	0	0	0	0	0	0	0	0	0
HTH_1 - single domain	0	1	0	23	1	1	6	3	0	3	1	2	1	0	0	0	0	1	7	3	20	1	3	0	0	0	0	0	0	2	0	1	0	0	0	0	4	0	0	1	1	1	0	0	0	0	0	0	0	0	0	0	0	0	0	0	0	0	0	0
HTH_11 - single domain	0	0	0	0	0	0	1	0	0	0	0	0	0	0	0	0	0	0	0	0	0	1	0	0	0	0	0	0	0	0	0	0	0	0	0	0	0	0	0	0	0	0	0	0	0	0	0	0	0	0	0	0	0	0	0	0	0	0	0	0
HTH_DeoR - single domain	0	0	0	0	0	0	0	0	0	0	0	0	0	0	0	0	1	0	0	0	0	1	0	0	0	0	0	0	0	0	0	0	0	0	0	0	0	0	0	0	0	0	0	0	0	0	0	0	0	0	0	0	0	0	0	0	0	0	0	0
HTH_7 - single domain	0	0	0	1	0	0	1	0	0	0	0	0	0	0	0	0	0	0	0	2	0	0	0	0	0	0	0	0	0	0	0	0	0	0	0	0	0	0	0	0	0	1	0	0	0	0	0	0	0	0	0	0	0	0	0	0	0	0	0	0
HxlR - single domain	6	0	7	84	0	23	91	66	13	7	5	19	60	3	0	6	15	0	11	41	20	35	1	3	2	0	167	4	0	8	11	14	1	5	2	0	3	2	0	5	9	0	0	0	15	13	0	1	0	0	0	0	1	0	2	0	0	0	0	0
Sigma70_ECF - single domain	0	0	0	0	0	0	1	0	0	0	0	0	0	0	0	0	0	0	0	0	0	0	0	0	0	0	0	0	0	0	0	0	0	0	0	0	0	0	0	0	0	0	0	0	0	0	0	0	0	0	0	0	0	0	0	0	0	0	0	0
HTH_17 - TOBE	0	0	1	6	0	0	4	0	0	12	0	0	21	0	0	0	1	0	0	4	0	4	0	0	0	0	0	1	0	0	0	0	0	0	0	0	1	0	0	0	0	0	0	0	0	0	0	0	0	0	0	0	0	0	0	0	0	0	0	0
MerR - TOBE	2	0	0	0	0	0	2	4	0	1	1	0	13	0	0	0	0	0	0	1	0	1	0	0	0	0	0	1	0	0	0	0	0	0	0	0	0	0	0	0	0	0	0	0	0	0	0	0	0	0	0	10	0	0	0	0	0	0	0	0
Rv2175c, unknown function	4	0	0	0	0	0	0	0	0	0	0	0	0	0	0	0	0	0	0	1	0	0	0	0	0	0	0	0	0	0	0	0	0	0	0	0	0	0	0	0	0	0	0	0	0	0	0	0	0	0	0	0	0	0	0	0	0	0	0	0
HTH_AraC - single domain	2	0	1	5	0	0	27	4	0	0	0	1	4	0	0	0	0	0	0	0	0	0	0	0	1	0	13	0	0	0	0	5	0	0	0	0	0	0	0	0	0	0	0	0	0	0	0	0	0	0	0	0	0	0	0	0	0	0	0	0
Short-chain fatty acyl coenzyme A regulator	0	0	0	14	0	1	9	3	0	21	0	1	9	0	0	0	0	0	0	1	0	1	0	0	0	11	3	0	0	0	0	1	0	0	0	0	0	0	0	0	1	0	0	0	0	0	0	0	0	0	0	0	0	0	0	0	0	0	0	0
MmyB-like, HTH3	0	0	0	17	0	0	11	3	0	0	0	1	21	1	0	0	0	0	0	5	0	10	0	0	0	0	1	1	0	2	0	0	0	1	0	0	0	0	2	0	0	0	0	0	0	4	0	0	0	0	0	1	0	0	0	0	0	0	0	0
Peptidoglycan binding domain, HTH31	0	0	0	1	1	0	9	2	0	0	0	1	1	0	0	0	0	0	0	4	0	1	0	0	0	0	0	0	1	0	0	3	0	0	0	0	0	0	0	0	0	0	0	0	0	1	0	0	0	0	0	0	0	0	0	0	0	0	0	0
MmyB-like, HTH31	9	0	13	72	2	22	75	50	4	9	3	10	24	5	0	4	4	1	8	55	56	89	3	0	2	0	25	25	0	3	15	1	14	3	4	0	3	1	4	21	9	1	0	0	0	0	0	0	0	0	0	0	2	0	0	0	0	0	0	0
HTH_34 - single domain	3	0	0	17	0	1	4	1	9	0	0	1	0	0	0	0	0	0	3	4	1	2	0	0	8	0	0	0	0	0	7	0	2	0	0	0	3	0	0	0	4	0	0	0	0	0	0	0	1	0	0	0	0	0	0	0	0	0	0	0
TrmB - single domain	0	0	0	2	0	0	0	3	0	0	0	0	18	0	0	0	0	0	0	4	0	4	0	1	0	0	0	0	0	0	0	1	0	0	0	5	1	0	0	0	1	0	0	0	0	0	0	0	0	0	0	1	0	0	0	0	0	0	0	0
HTH_21 - single domain	0	0	0	4	0	0	3	3	0	0	0	0	0	0	0	0	0	0	0	1	0	0	0	0	0	0	0	0	0	1	0	0	0	0	0	0	0	0	0	0	0	0	0	0	0	0	0	0	0	0	0	0	0	0	0	0	0	0	0	0
Integrase regulation	1	1	0	18	1	0	23	10	0	6	2	3	2	0	0	0	3	0	0	9	3	3	0	2	0	1	2	3	0	2	0	0	0	0	1	0	1	0	0	1	0	0	0	0	0	0	0	0	0	0	0	0	4	0	0	0	0	0	0	0
YheO-like PAS domain	0	0	2	16	0	1	6	2	0	1	0	0	3	0	0	0	0	0	0	1	0	2	0	0	0	0	4	0	0	0	0	0	0	0	1	0	0	0	0	0	0	0	1	0	0	0	0	0	0	0	0	0	0	0	0	0	0	0	0	0
HTH_22 - single domain	0	0	0	12	0	0	12	1	0	0	0	0	1	0	0	0	0	0	2	0	0	0	0	0	0	0	59	0	0	0	0	0	0	1	0	0	0	1	0	0	0	0	0	0	0	2	0	0	0	0	0	0	0	0	0	0	0	0	0	0
HTH_38 - single domain	1	0	0	3	0	0	3	0	0	0	0	0	1	0	0	1	0	0	0	2	0	1	1	0	0	0	0	0	0	0	0	0	0	0	0	0	0	0	0	0	0	0	0	0	0	0	0	0	0	0	0	0	0	0	0	0	0	0	0	0
HTH_33 - single domain	0	0	1	15	0	4	9	6	0	1	1	0	3	1	0	0	0	0	1	7	2	3	1	0	0	1	0	0	0	1	0	0	0	0	0	0	1	0	0	0	0	1	0	0	0	0	0	0	0	0	0	0	0	0	0	0	0	0	0	0
Integrases LZ_Tnp_IS481	0	0	0	1	0	0	3	0	0	0	0	0	2	0	0	0	0	1	0	2	0	0	0	0	0	0	1	0	0	0	0	0	0	0	0	0	0	1	0	0	0	0	0	0	0	0	0	1	0	0	0	0	0	0	0	0	0	0	0	0
HTH_29 - single domain	0	0	0	1	0	0	3	2	0	1	0	0	0	0	0	0	0	0	0	0	0	0	0	0	1	0	0	0	0	0	0	0	0	0	0	0	0	0	0	0	0	0	0	0	0	0	0	0	0	0	0	0	0	0	0	0	0	0	0	0
HTH_AsnC-type - single domain	0	0	0	1	0	0	1	2	0	0	0	0	1	0	0	0	0	0	0	0	0	0	0	0	0	0	6	0	0	0	0	0	0	0	0	0	0	0	0	0	0	0	0	0	0	0	0	0	0	0	0	0	0	0	0	0	0	0	0	0
ROK, MarR, carbon catabolite repression	1	0	0	3	0	0	4	1	0	0	0	1	0	0	0	0	0	0	0	2	0	5	0	0	0	1	0	1	0	0	0	0	0	0	0	0	0	0	0	4	0	0	0	0	0	0	0	0	0	0	0	0	0	0	0	0	0	0	0	0
RodZ	0	0	0	0	0	0	0	0	0	0	0	0	0	0	0	0	0	0	0	0	0	0	0	0	0	0	0	0	0	0	0	0	0	0	0	0	0	0	0	1	0	0	0	0	0	0	0	0	0	0	0	0	0	0	0	0	0	0	0	0
HTH_26 - single domain	5	1	1	9	1	2	19	12	0	4	4	1	4	0	0	1	0	0	0	5	1	2	0	0	0	0	24	1	0	0	0	2	0	1	0	0	2	0	0	0	0	0	0	0	0	0	0	0	0	0	0	0	1	0	0	0	0	0	0	0
Staph_reg_Sar_Rot - single domain	0	0	0	0	0	0	0	2	0	0	0	0	0	0	0	0	0	0	0	2	0	0	0	0	0	0	0	0	0	0	0	0	0	0	0	0	0	0	0	0	0	0	0	0	0	0	0	0	0	0	0	0	0	0	0	0	0	0	0	0
TetR_C_16	6	0	0	32	7	1	14	12	0	3	0	3	2	0	0	0	0	1	0	7	2	34	2	0	0	1	0	0	0	1	0	4	0	0	0	0	0	0	1	34	0	0	0	0	0	0	0	0	0	0	0	0	0	0	0	0	0	0	0	0
Penicillinase_R - single domain	3	0	7	13	0	3	22	12	0	3	0	7	4	0	8	1	1	0	0	29	0	8	1	0	0	0	4	2	5	3	0	4	0	0	0	0	0	0	0	2	10	0	0	0	0	0	0	0	0	0	0	0	2	0	0	0	0	1	0	0
HTH_37 - single domain	0	0	0	0	0	0	0	0	0	0	1	0	0	0	0	0	0	0	0	0	0	0	0	0	0	0	0	0	0	0	0	0	0	0	0	0	0	0	0	0	0	0	0	0	0	0	0	0	0	0	0	0	0	0	0	0	0	0	0	0
LacI, Peripla_BP_1	1	0	0	20	0	0	11	2	0	3	1	4	3	0	0	0	0	0	1	6	1	6	0	0	1	0	142	0	0	0	0	1	0	1	0	0	0	0	0	0	0	0	0	0	0	0	0	0	0	0	0	0	0	0	0	0	0	0	0	0
HTH_8 - single domain	0	0	0	7	0	0	0	1	0	0	0	1	0	0	0	0	0	0	0	0	0	1	0	0	0	0	0	0	0	0	0	0	0	0	0	0	0	0	0	0	0	0	0	0	0	0	0	0	0	0	0	0	0	0	0	0	0	0	0	0
PucR, purine catabolism regulatory protein	1	0	2	10	0	4	18	5	0	0	15	0	6	1	0	0	0	0	0	5	4	2	0	0	0	0	0	0	0	0	0	0	0	0	0	0	0	0	0	0	0	0	0	0	0	0	0	0	0	0	0	1	0	0	0	0	0	0	0	0
HTH_58 - single domain	0	0	0	3	1	0	2	1	0	0	6	0	0	0	0	0	1	0	0	2	0	0	0	0	0	0	0	6	0	0	0	0	0	0	0	0	0	0	0	0	0	0	0	0	0	0	0	0	0	0	0	0	1	0	0	0	0	0	0	0
Sugar isomerase	1	0	0	9	0	0	9	5	0	4	0	0	24	0	0	0	1	0	0	1	0	3	0	0	0	0	1	0	0	0	1	3	0	0	2	0	0	0	0	0	0	0	0	0	0	0	0	0	0	0	0	0	0	0	0	0	0	1	2	0
HTH_6 - single domain	0	0	0	1	0	0	0	4	0	1	0	0	3	0	5	0	0	0	0	1	0	0	0	0	0	0	0	0	0	0	3	0	1	0	0	0	0	0	0	0	0	0	0	0	0	0	0	0	0	0	0	0	0	0	0	0	0	0	0	0
HTH_62 - single domain	0	0	0	1	0	0	0	0	0	0	0	0	0	0	0	0	0	0	0	0	0	1	0	0	0	0	0	0	0	0	0	0	0	0	0	0	0	0	0	0	0	0	0	0	0	0	0	0	0	0	0	0	0	0	0	0	0	0	0	0
HTH_67 - single domain	1	0	0	17	0	1	7	18	1	1	0	1	3	0	1	4	0	0	0	7	1	1	5	0	1	0	2	0	0	0	0	7	0	0	0	0	0	0	0	1	9	0	0	0	0	0	0	1	0	0	0	0	0	0	0	0	0	0	0	0
TetR_C_43, SbtR-like	12	0	5	84	5	4	49	57	8	22	5	18	21	1	0	0	4	0	1	38	9	9	0	0	0	0	29	8	0	3	3	8	0	4	3	12	3	0	0	2	5	0	0	0	0	0	0	0	3	0	0	0	0	0	0	0	0	0	0	1
TetR_C_14, MftR, Mycofactin biosynthesis	10	0	6	44	0	2	50	26	1	11	0	1	16	0	1	9	7	0	3	15	6	12	1	0	0	0	27	1	0	2	3	2	1	0	2	0	0	4	1	5	1	0	0	0	0	1	0	0	0	0	0	0	0	0	0	2	0	0	0	0
PadR - single domain	7	1	9	78	6	2	33	81	0	3	1	8	13	0	0	7	0	0	3	25	5	14	2	1	0	0	5	0	0	2	12	3	0	3	2	0	1	2	1	4	4	0	0	0	0	0	0	0	2	0	0	0	0	0	0	0	0	0	0	0
OrfB, transposase DNA binding	0	0	1	10	1	0	7	4	1	2	8	1	9	0	0	2	0	1	3	10	1	1	0	0	0	0	11	0	0	0	0	1	0	0	0	0	0	0	0	1	0	4	0	0	0	0	0	0	0	0	0	0	0	0	0	0	1	0	0	0
HTH_OrfB_IS605 - single domain	0	0	0	0	0	0	0	0	0	0	0	0	0	0	0	0	0	0	0	1	1	0	0	0	0	0	0	0	0	0	0	0	0	0	0	0	0	0	0	0	0	0	0	0	0	0	0	0	0	0	0	0	0	0	0	0	0	0	0	0
Transcriptional activator PafBC, DNA damage	0	0	0	1	0	0	1	0	0	0	0	0	0	0	0	0	0	0	0	0	0	0	0	0	0	0	0	0	0	0	0	0	0	0	0	0	0	0	0	0	0	0	0	0	0	0	0	0	0	0	0	0	0	0	0	0	0	0	0	0
ParB, chromosome partition	0	0	0	0	0	0	0	0	0	0	0	0	1	0	0	0	0	0	0	0	0	0	0	0	0	0	0	0	0	0	0	0	0	0	0	0	0	0	0	0	0	0	0	0	0	0	0	0	0	0	0	1	0	0	0	0	0	0	0	0
HTH_psq - single domain	0	0	0	0	0	0	0	0	0	0	0	0	0	0	0	0	0	0	0	1	0	0	0	0	0	0	0	0	0	0	0	0	0	0	0	0	0	0	0	0	0	0	0	0	0	0	0	0	0	0	0	0	0	0	0	0	0	0	0	0
HTH_Tnp_Mu_2 - single domain	0	0	0	0	0	0	0	0	0	0	0	0	0	0	0	0	0	0	0	0	0	0	0	0	0	0	0	0	0	0	0	0	0	0	0	0	0	0	0	0	0	0	0	0	0	0	0	0	0	0	0	0	0	0	0	0	0	0	0	1
WhiA, sporulation factor	1	0	0	3	0	0	0	0	0	0	0	0	0	0	0	0	0	0	0	0	0	0	0	0	0	0	0	0	0	0	0	0	0	0	0	0	0	0	0	0	0	0	0	0	0	0	0	0	0	0	0	0	0	0	0	0	0	0	0	0
IclR - single domain	0	0	0	5	0	0	1	4	0	0	0	1	3	0	0	0	0	0	0	0	2	0	0	0	1	0	0	0	0	0	1	0	0	0	0	0	1	0	0	0	0	0	0	0	0	0	0	0	0	0	0	1	0	0	0	0	0	0	0	0
InhA-like_MAM - single domain	0	0	0	1	0	0	0	0	0	0	0	1	0	0	0	0	0	0	0	0	0	0	0	0	0	0	0	0	0	0	0	0	0	0	0	0	0	0	0	0	0	0	0	0	0	0	0	0	0	0	0	0	0	0	0	0	0	0	0	0
Inhibitor_I42 - single domain	0	0	0	1	0	0	2	1	0	0	0	2	2	0	0	0	0	0	0	0	0	0	0	0	0	0	0	0	0	0	0	0	0	1	0	0	0	0	0	0	0	0	0	0	0	0	0	0	1	0	0	0	0	0	0	0	0	0	0	0
Inhibitor_I66 - single domain	0	0	0	7	0	0	1	0	0	0	0	0	0	0	0	0	0	0	0	0	0	0	0	0	0	0	0	0	0	0	0	0	0	0	0	0	0	0	0	0	0	0	0	0	0	0	0	0	0	0	0	0	0	0	0	0	0	0	0	0
Inhibitor_I78 - single domain	0	0	0	4	0	0	1	0	0	0	0	0	0	0	0	0	0	0	0	1	0	0	0	0	0	0	0	0	0	0	0	0	0	0	0	0	0	0	0	0	0	0	0	0	0	0	0	0	0	0	0	0	0	0	0	0	0	0	0	0
potato_inhibit - single domain	0	0	0	0	0	0	0	0	0	0	0	0	1	0	0	0	0	0	0	0	0	0	0	0	0	0	0	0	0	0	0	0	0	0	0	0	0	0	0	0	0	0	0	0	0	0	0	0	0	0	0	0	0	0	0	0	0	0	0	0
Inhibitor_I9 - single domain	0	0	0	0	0	0	0	0	0	0	0	0	2	0	0	0	0	0	0	0	0	0	0	0	0	0	0	0	0	0	0	0	0	0	0	0	0	0	0	0	0	0	0	0	0	0	0	0	0	0	0	0	0	0	0	0	0	0	0	0
LexA	0	0	0	0	0	0	2	0	0	0	0	0	1	0	0	0	0	0	0	2	0	2	0	0	0	0	414	1	0	1	0	0	0	0	0	0	0	0	0	0	0	0	0	0	0	0	0	0	0	0	0	0	0	0	0	0	0	0	0	0
LiaF-like_C - single domain	0	0	0	0	0	0	1	0	0	0	0	0	0	0	0	0	0	0	0	0	0	0	0	0	0	0	0	0	0	0	0	0	0	0	0	0	0	0	0	0	0	0	0	0	0	0	0	0	0	0	0	0	0	0	0	0	0	0	0	0
LytR, cell envelope-related	1	0	0	5	0	0	9	7	0	0	0	0	4	0	7	0	0	0	0	9	0	3	0	0	0	0	0	0	0	0	1	0	0	0	2	0	0	0	0	0	0	1	0	0	0	0	0	0	0	0	0	0	0	0	0	0	0	0	0	0
LytR_C - single domain	2	0	0	0	0	1	0	2	0	0	0	0	0	0	0	0	0	0	0	28	0	1	4	0	1	0	0	1	0	0	0	1	0	0	0	0	0	0	0	0	0	0	0	0	0	0	0	0	0	0	0	0	0	0	0	0	0	0	0	0
LytTR	0	0	0	0	0	0	4	12	0	0	0	4	4	0	0	0	0	0	0	0	1	57	0	0	0	0	0	0	0	1	0	0	0	0	2	0	0	0	0	0	0	0	0	0	0	0	0	0	1	0	0	0	0	0	0	0	0	0	0	0
LytTR - single domain	0	0	0	0	0	0	0	0	0	0	0	0	0	0	0	0	0	0	0	0	0	0	0	0	0	0	0	0	0	0	0	0	0	0	0	0	0	0	0	0	0	0	0	0	0	6	0	0	0	0	0	0	0	0	0	0	0	0	0	0
MBF2 - single domain	0	0	0	0	0	0	0	0	0	0	0	1	0	0	0	0	0	0	0	0	0	0	0	0	0	0	0	0	0	0	0	0	0	0	0	0	0	0	0	0	0	0	0	0	0	0	0	0	0	0	0	0	0	0	0	0	0	0	0	0
MEDS - single domain	0	0	0	4	0	0	0	1	0	2	0	0	1	0	0	0	2	0	0	1	0	0	0	0	0	0	0	0	0	0	0	0	0	0	0	0	0	0	0	0	0	0	0	0	0	0	0	0	0	0	0	0	0	0	0	0	0	0	0	0
TipAS antibiotic-recognition domain, MerR family	6	0	0	4	0	0	3	18	0	0	2	2	1	0	1	1	1	0	0	40	1	10	0	7	0	0	6	0	0	0	0	0	0	0	0	0	1	0	0	0	0	0	1	0	0	0	0	0	0	0	0	0	0	0	0	0	0	0	0	0
MerR-DNA-bind - single domain	0	0	0	1	0	0	0	0	0	0	0	1	1	0	0	0	0	0	0	1	0	0	0	0	0	0	0	0	0	0	0	0	0	0	0	0	0	0	0	0	6	0	1	0	0	0	0	0	0	0	0	0	0	0	0	0	0	0	0	0
MerR - single domain	0	0	1	0	0	1	0	0	0	0	0	0	0	0	0	0	0	0	0	0	0	0	0	0	0	0	0	0	0	0	0	0	0	0	0	0	0	0	0	0	0	0	0	0	0	0	0	0	0	0	0	0	0	0	0	0	0	0	0	0
Protein phosphatase 2C, MerR family	0	0	1	9	0	0	0	5	0	0	0	0	0	0	0	0	0	0	0	5	0	0	0	0	0	0	0	0	0	0	1	0	0	0	0	0	0	0	0	0	1	0	0	0	0	0	0	0	0	0	0	0	0	0	0	0	0	0	0	0
MerR_2 - single domain	0	0	0	4	0	0	0	0	0	0	0	0	1	0	0	0	0	0	0	0	1	1	0	0	0	0	3	0	0	0	0	0	0	0	0	0	0	0	0	0	0	0	0	0	0	0	0	0	0	0	0	0	0	0	0	0	0	0	0	0
SbcD, DNA repair	2	0	0	13	0	0	19	1	0	1	2	0	7	0	0	0	0	0	0	4	0	0	0	0	0	0	0	0	0	0	1	6	0	0	0	0	0	0	0	0	0	0	0	0	0	0	0	0	0	0	0	0	0	0	0	0	0	0	0	0
MLTR_LBD - single domain	2	0	0	19	2	0	6	3	0	2	13	1	1	6	0	0	4	0	2	6	2	20	1	0	0	0	0	4	0	0	0	1	0	0	0	0	0	0	0	0	0	0	0	0	0	0	0	0	0	0	0	40	0	0	0	0	0	0	0	0
Myb_DNA-bind_6 - single domain	0	0	0	0	0	0	0	0	0	0	0	0	1	0	0	0	0	0	0	0	0	0	0	0	0	0	0	0	0	0	0	0	0	0	0	0	0	0	0	0	0	0	0	0	0	0	0	0	0	0	0	0	0	0	0	0	0	0	0	0
Sigma70, NPCBM	0	0	0	0	0	0	0	0	0	0	0	0	0	0	0	0	0	0	0	0	0	1	0	0	0	0	0	0	0	0	0	0	0	0	0	0	0	0	0	0	0	0	0	0	0	0	0	0	0	0	0	0	0	0	0	0	0	0	0	0
NusG - single domain	0	0	0	2	0	0	2	0	0	0	0	0	0	0	0	0	0	0	0	1	0	0	0	0	0	0	0	0	0	0	0	0	0	0	0	0	0	0	0	0	0	0	0	0	0	0	0	0	0	0	0	0	0	0	0	0	0	0	0	0
OrfB_Zn_ribbon - single domain	0	0	0	0	0	1	2	1	2	0	0	1	0	0	0	0	0	0	0	1	0	1	0	0	0	0	1	0	0	0	0	0	0	0	0	0	0	0	0	0	0	1	0	0	0	0	0	2	0	0	0	0	0	0	0	0	0	0	0	0
P-II - single domain	3	0	0	0	0	0	2	1	0	0	0	0	1	0	0	0	0	0	0	0	0	0	0	0	0	0	0	0	0	0	0	0	0	0	0	0	0	0	0	0	0	0	0	0	0	0	0	0	0	0	0	0	0	0	0	0	0	0	0	0
PadR, phenolic acid repressor	4	0	0	51	0	1	26	9	0	9	1	7	10	1	0	0	0	12	4	22	1	50	0	0	0	0	1	4	0	0	1	1	0	1	0	0	0	0	0	2	10	0	0	0	0	0	0	4	0	0	0	3	0	0	0	0	0	0	3	0
PHB_acc_N - single domain	0	0	0	0	0	0	0	0	0	0	0	0	0	0	0	0	0	0	0	4	0	0	0	0	0	0	0	0	0	0	0	0	0	0	0	0	0	0	0	0	0	0	0	0	0	0	0	0	0	0	0	0	0	0	0	0	0	0	0	0
PriA_3primeBD - single domain	0	0	0	0	0	0	1	0	0	0	0	0	0	0	0	0	0	0	0	45	0	1	0	0	0	0	0	0	0	0	0	0	0	0	0	0	0	0	0	0	0	0	0	0	0	0	0	1	0	0	0	0	0	0	0	0	0	0	0	0
RCC1_2 - single domain	0	0	0	0	0	0	0	0	0	0	0	0	0	0	0	0	0	0	0	0	0	0	0	0	0	0	0	0	0	0	0	0	0	0	0	0	0	0	0	0	0	0	1	0	0	0	0	0	0	0	0	0	0	0	0	0	0	0	0	0
Regulator_TrmB - single domain	0	0	0	1	0	0	0	11	0	0	0	0	0	0	0	0	0	0	0	0	0	0	0	0	0	0	0	0	0	0	0	0	0	0	0	0	0	0	0	0	0	0	0	0	0	0	0	0	0	0	0	0	0	0	0	0	0	0	0	0
RHH_3 - single domain	0	0	0	0	0	0	0	0	1	0	0	0	0	0	0	0	0	0	0	0	0	0	0	0	0	0	0	0	0	0	0	0	0	0	0	0	0	0	0	0	0	0	0	0	0	0	0	0	0	0	0	0	0	0	0	0	0	0	0	0
Rho_GDI - single domain	0	0	0	1	0	0	0	0	0	0	0	0	0	0	0	0	0	0	0	0	0	0	0	0	0	0	0	0	0	0	0	0	0	0	0	0	0	0	0	0	0	0	0	0	0	0	0	0	0	0	0	0	0	0	0	0	0	0	0	0
Ribosom_S30AE_C - single domain	0	0	0	0	0	0	0	0	0	0	0	0	0	0	0	0	0	0	0	1	0	0	0	0	0	0	2	0	0	0	0	0	0	0	0	0	0	0	0	0	0	0	0	0	0	0	0	0	0	0	0	0	0	0	0	0	0	0	0	0
ROS_MUCR - single domain	0	0	0	1	0	0	0	0	0	0	0	0	0	0	0	0	0	0	0	0	0	0	0	0	0	0	0	0	0	0	0	0	0	0	0	0	0	0	0	0	0	0	0	0	0	0	0	0	0	0	0	0	0	0	0	0	0	0	0	0
RraB - single domain	0	0	0	0	0	0	0	0	0	0	0	0	0	0	0	0	0	0	0	0	0	1	0	0	0	0	0	0	0	0	0	0	0	0	0	0	0	0	0	0	0	0	0	0	0	0	0	0	0	0	0	0	0	0	0	0	0	0	0	0
Anti-sigma-K factor rskA	0	0	1	11	0	0	9	2	0	0	0	0	9	1	0	0	0	0	0	9	0	0	0	0	0	0	0	0	0	0	0	10	0	1	0	0	0	0	0	0	0	0	0	0	0	0	0	0	0	0	0	0	0	0	0	0	0	0	0	0
RskA_C - single domain	0	0	0	2	0	0	3	1	0	0	0	0	0	0	0	0	0	0	0	6	1	0	0	0	0	0	0	0	0	0	0	1	0	0	0	0	0	0	0	0	0	0	0	0	0	0	0	0	0	0	0	0	0	0	0	0	0	0	0	0
SAVED - single domain	0	0	0	1	0	0	1	0	0	0	0	0	0	0	0	0	0	0	0	0	0	0	0	0	0	0	1	15	0	0	0	0	0	0	0	0	0	0	0	0	0	0	0	0	0	0	0	0	0	0	0	0	0	0	0	0	0	0	0	0
Serpin - single domain	0	0	0	4	0	0	3	2	0	0	1	0	1	0	0	0	0	0	0	14	0	0	0	0	0	0	0	1	0	0	0	0	0	0	0	0	0	0	0	0	0	0	0	0	0	0	0	0	0	0	0	0	0	0	0	0	0	0	0	0
SSI - single domain	0	0	1	14	0	0	3	2	1	1	2	0	3	0	0	0	3	0	0	87	0	28	3	0	0	0	2	0	0	0	0	1	0	0	0	0	1	0	0	2	1	0	0	0	0	0	0	0	0	0	0	0	0	0	0	0	0	0	0	0
SWIM - single domain	0	0	0	7	0	0	2	2	0	1	0	2	1	0	2	0	2	0	0	11	5	2	0	0	0	0	2	0	0	0	1	1	0	0	0	0	0	0	0	0	3	1	0	0	0	0	0	0	0	0	0	8	1	0	0	0	0	0	0	0
TetR_C_1	8	0	23	90	1	4	82	50	14	22	14	38	80	0	0	3	11	1	1	52	9	20	5	0	0	0	6	9	0	1	8	4	0	3	1	0	2	0	0	0	1	1	0	1	0	0	0	0	5	0	0	0	0	0	0	2	0	0	0	0
TetR_C_1 - single domain	1	0	2	4	2	7	4	1	0	0	0	5	4	0	0	0	0	0	0	2	2	0	1	0	0	0	0	1	0	0	1	0	0	2	0	0	0	0	0	0	0	1	0	0	0	0	0	0	0	0	0	0	0	0	0	0	0	0	0	0
TetR_C_11 - single domain	0	0	0	0	0	0	0	0	0	0	0	1	0	0	0	0	0	0	0	0	1	1	0	0	0	0	2	1	0	0	0	0	0	0	0	0	0	0	0	0	0	0	0	0	0	0	0	0	0	0	0	0	0	0	0	0	0	0	0	0
TetR_C_7, AefR-like	0	0	1	4	0	2	9	39	0	1	0	0	15	0	0	1	0	0	0	3	1	7	0	0	0	0	0	0	0	1	0	0	1	0	1	0	0	0	0	0	0	4	0	0	0	0	0	0	0	0	0	4	0	0	0	0	1	0	0	0
TetR_C_13, AcuR, acrylate-responsive repressor	1	0	5	31	4	1	58	32	0	16	0	1	4	0	0	0	8	1	0	20	18	14	0	0	0	0	10	4	0	1	0	4	0	0	0	0	2	0	0	0	5	2	0	0	0	7	0	2	1	0	0	1	1	0	0	0	4	0	0	0
TetR_C_13 - single domain	0	0	0	2	2	2	1	1	0	1	0	0	0	0	0	0	7	0	0	2	0	1	0	0	0	0	1	1	0	0	0	0	0	0	0	0	0	0	0	1	0	0	0	0	0	0	0	0	0	0	0	0	0	0	0	0	0	0	0	0
TetR_C_13_2, LmrA/YxaF-like	0	0	1	11	0	2	5	3	0	2	0	2	2	0	0	0	2	0	2	13	3	3	0	0	0	0	1	0	0	0	0	0	0	0	0	0	0	0	0	0	0	0	0	0	0	0	0	0	0	0	0	0	0	1	0	0	0	0	0	0
ScbR-like, TetR	0	0	0	3	0	0	14	0	0	1	0	3	8	0	0	0	0	0	0	102	347	3	0	0	0	0	0	0	0	0	0	1	3	0	0	0	0	0	0	0	0	0	0	0	0	0	0	0	0	0	0	0	1	0	0	0	0	1	0	0
TetR_C_6 - single domain	1	0	0	2	0	0	4	1	0	0	0	0	0	0	0	0	0	0	0	2	0	0	0	0	0	0	0	0	0	2	0	1	0	0	0	0	1	0	0	1	0	0	0	0	0	0	0	0	0	0	0	0	0	0	0	0	0	0	0	0
TetR_C_24	10	0	0	5	0	0	11	11	0	2	3	1	5	0	0	0	1	0	0	35	2	2	0	0	0	0	212	0	0	0	8	8	0	0	0	0	0	1	0	0	0	0	2	0	0	1	0	0	0	0	0	0	0	0	0	0	0	0	0	0
TetR_C_15	0	0	0	5	0	0	4	10	0	1	0	1	1	0	0	0	0	0	0	3	1	5	0	0	0	0	0	0	0	0	0	0	0	0	0	0	0	0	0	1	0	0	0	0	0	0	0	0	0	0	0	0	0	0	0	0	0	0	0	0
TetR_C_22, SCO1712-like	0	0	0	4	0	4	2	3	0	2	0	0	2	0	0	0	0	0	0	2	0	0	0	0	1	0	1	0	0	0	0	1	0	0	0	0	0	0	0	0	0	0	0	0	0	0	0	0	0	0	0	0	0	0	0	0	0	0	0	0
TetR_C_46, DesT-like	4	0	7	31	0	1	5	1	1	0	2	1	38	0	0	0	0	0	0	1	1	6	0	0	0	0	0	0	0	0	0	6	0	0	0	1	0	0	0	1	0	0	0	0	0	0	0	0	0	0	0	0	0	0	0	0	0	0	0	0
TetR_C_33	13	0	5	59	0	5	70	39	0	8	1	6	20	1	0	2	3	2	3	106	6	17	12	0	2	0	12	4	0	1	0	13	3	1	3	1	3	1	2	5	9	0	0	0	0	1	0	0	0	0	0	0	0	0	1	0	0	0	0	0
TetR_C_16 - single domain	0	0	0	0	0	0	0	0	0	0	0	5	0	0	0	0	0	0	0	4	0	0	0	0	0	0	0	0	0	0	0	0	2	0	0	0	0	0	0	0	0	0	0	0	0	1	0	0	0	0	0	0	0	0	0	0	0	0	0	0
TetR_C_31	0	0	1	17	2	3	24	13	0	3	3	1	1	0	0	0	0	0	1	16	2	1	0	0	1	0	1	1	0	0	0	0	0	0	0	0	0	0	0	2	1	0	0	0	0	1	0	0	0	5	0	1	3	0	0	0	0	0	0	0
TetR_C_20	0	0	0	0	0	0	1	0	0	0	28	0	0	0	0	0	2	0	0	23	0	0	0	0	0	0	0	0	0	0	0	0	0	0	0	0	0	0	0	0	0	0	0	0	0	0	0	0	0	0	0	0	0	0	0	0	0	0	0	0
TetR_C_21	0	0	0	8	0	0	2	3	5	0	0	1	1	0	0	0	0	0	0	10	6	1	0	0	0	0	1	1	0	0	1	1	2	0	0	0	0	0	1	0	0	0	0	0	0	0	0	0	0	0	0	0	0	0	0	0	0	0	0	0
TetR_C_21 - single domain	0	0	0	1	0	0	2	0	0	0	0	0	0	0	0	0	0	0	0	0	0	0	0	0	0	0	0	0	0	0	0	0	0	0	0	0	0	0	0	0	0	0	0	0	0	0	0	0	0	0	0	0	0	0	0	0	0	0	0	0
TetR_C_23	0	0	0	0	1	0	4	1	0	0	0	0	1	0	0	0	0	0	0	0	0	1	0	0	0	0	0	0	0	0	0	0	0	0	0	0	0	0	0	0	0	0	0	0	0	0	0	0	0	0	0	0	0	0	0	0	0	0	0	0
TetR_C_24 - single domain	0	0	0	0	0	0	0	0	0	0	0	0	0	0	0	0	0	0	0	0	0	1	0	0	0	0	0	0	0	0	0	0	0	0	0	0	0	0	0	0	0	0	0	0	0	0	0	0	0	0	0	0	0	0	0	0	0	0	0	0
TetR_C_27	0	0	0	3	0	1	1	0	0	0	0	0	0	0	0	0	0	0	0	2	0	0	0	0	0	0	0	0	0	0	0	0	0	0	0	0	0	0	0	0	0	0	0	0	0	0	0	0	0	0	0	0	0	0	0	0	0	0	0	0
TetR_C_31 - single domain	0	0	2	12	0	4	3	1	0	1	1	2	15	0	0	0	0	0	0	7	0	0	1	0	0	0	2	2	0	0	1	2	0	0	0	0	0	0	0	0	0	0	0	0	0	1	0	0	0	0	0	0	0	0	0	0	0	0	0	0
TetR_C_30	0	0	0	0	0	0	2	1	0	1	0	0	0	0	0	0	1	2	0	0	0	0	0	0	0	0	0	0	0	0	0	0	0	0	0	0	0	0	0	0	0	0	0	0	0	0	0	0	0	0	0	0	0	0	0	0	0	0	0	0
TetR_C_32	0	0	0	7	0	0	5	0	0	2	0	1	2	0	0	0	0	0	1	0	0	111	0	0	0	0	1	4	0	0	0	0	0	0	0	0	0	0	0	0	0	0	0	0	0	0	0	0	0	0	0	0	0	0	0	0	0	0	0	0
TetR_C_33 - single domain	0	0	0	29	2	0	19	5	0	0	0	1	0	0	7	0	3	0	7	5	0	1	1	0	0	0	0	1	0	0	0	2	0	0	0	0	0	0	0	0	1	0	1	0	0	0	0	0	0	0	0	0	0	0	0	0	0	0	0	0
TetR_C_34	0	0	0	4	0	2	23	1	0	0	0	0	0	0	0	0	0	0	0	3	0	0	0	0	0	0	0	0	0	5	1	4	0	0	0	0	0	0	0	0	0	0	0	0	0	0	0	0	0	0	0	0	0	0	0	0	0	0	0	0
TetR_C_34 - single domain	0	0	0	0	0	0	0	0	0	0	0	1	0	0	0	0	0	0	0	0	0	0	0	0	0	0	0	0	0	0	0	0	0	0	0	0	0	0	0	0	0	0	0	0	0	0	0	0	0	0	0	0	0	0	0	0	0	0	0	0
TetR_C_35 - single domain	0	0	0	0	0	0	5	0	0	0	0	0	1	0	0	0	0	0	0	0	0	0	0	0	0	0	0	0	0	0	0	0	0	0	0	0	0	0	0	0	0	0	0	0	0	0	0	0	0	0	0	0	0	0	0	0	0	0	0	0
TetR_C_38	0	0	0	0	0	0	0	0	0	0	0	0	0	0	0	0	1	0	0	0	0	0	0	0	0	0	1	1	0	0	0	0	0	0	0	0	0	0	0	0	1	0	0	0	0	0	0	0	0	0	0	0	0	0	0	0	0	0	0	0
TetR_C_40 - single domain	0	0	0	0	0	0	1	0	0	0	0	0	0	0	0	0	0	0	0	0	0	0	0	0	0	0	0	0	0	0	0	0	0	0	0	0	0	0	0	0	0	0	0	0	0	0	0	0	0	0	0	0	0	0	0	0	0	0	0	0
TetR_C_43 - single domain	0	0	0	0	0	0	4	1	0	0	0	0	0	0	0	0	0	0	0	0	1	0	0	0	0	0	0	0	0	0	0	0	0	0	0	0	0	0	0	0	0	0	0	0	0	0	0	0	0	0	0	0	0	0	0	0	0	0	0	0
TetR_C_44 - single domain	0	0	0	0	0	0	0	0	0	0	0	0	0	0	0	0	0	0	0	0	0	0	0	0	0	0	1	0	0	0	0	0	0	0	0	0	0	0	0	0	0	0	0	0	0	0	0	0	0	0	0	0	0	0	0	0	0	0	0	0
TetR_C_7 - single domain	0	0	0	1	0	0	0	1	0	0	0	0	0	0	0	0	0	0	0	0	0	0	0	0	0	0	0	0	0	0	0	0	0	0	0	0	0	0	0	0	0	0	0	0	0	0	0	0	0	0	0	0	0	0	0	0	0	0	0	0
Trns_repr_metal - single domain	2	0	8	7	0	2	7	3	0	0	2	1	8	0	0	0	0	0	0	11	1	4	0	0	0	0	5	1	0	0	0	2	2	1	4	0	0	0	0	0	2	0	0	0	0	0	0	0	0	0	0	0	0	0	0	0	0	0	0	0
UvrA_DNA-bind - single domain	1	0	5	9	0	0	4	3	0	0	0	1	0	0	0	3	0	0	0	0	0	0	2	0	0	0	0	0	0	0	0	0	0	0	0	0	0	0	0	0	0	0	0	0	0	0	0	0	0	0	0	0	0	0	0	0	0	0	0	0
Vir_act_alpha_C - single domain	0	0	0	0	0	0	2	0	0	0	0	0	0	0	0	0	0	0	0	0	0	0	0	0	0	0	0	0	0	0	0	0	0	0	0	0	0	0	0	0	0	0	0	0	0	0	0	0	0	0	0	0	0	0	0	0	0	0	0	0
WHD - single domain	0	0	0	0	0	0	0	0	0	0	0	0	0	0	0	0	0	0	0	0	0	0	0	0	0	0	1	0	0	0	0	0	0	0	0	0	0	0	0	0	0	0	0	0	0	0	0	0	0	0	0	0	0	0	0	0	0	0	0	0
Whib - single domain	1	0	1	27	4	0	55	22	1	2	1	4	2	0	1	0	0	0	7	7	3	9	2	0	0	0	0	35	0	4	1	8	0	0	1	0	2	0	0	0	0	0	0	0	0	0	0	1	4	0	0	3	0	0	0	0	0	0	0	0
YbaB_DNA_bd - single domain	1	0	0	2	0	0	3	2	0	2	0	1	4	0	0	0	1	0	0	1	0	2	0	0	0	0	0	2	0	0	0	0	0	0	0	0	0	0	0	0	5	0	0	0	0	0	0	0	0	0	0	0	0	0	0	0	0	0	0	0
YbjN - single domain	0	0	0	4	0	0	1	0	0	0	0	0	18	0	0	1	2	0	0	0	1	0	0	0	6	0	0	0	0	0	0	0	0	0	0	0	0	0	0	0	0	0	0	0	0	0	0	0	0	0	0	0	0	0	0	0	0	0	0	0
zf-ACC - single domain	0	0	0	0	0	0	0	0	0	0	0	0	1	0	0	0	0	0	0	0	0	0	0	0	0	0	0	0	0	0	0	0	0	0	0	0	0	0	0	0	0	0	0	0	0	0	0	0	0	0	0	0	0	0	0	0	0	0	0	0
zf-CDGSH - single domain	0	0	0	14	0	0	1	1	0	9	0	4	0	0	0	0	2	0	0	2	0	5	0	0	0	0	0	0	0	1	0	0	0	0	0	0	0	0	0	0	0	0	0	0	0	0	0	0	0	0	0	0	0	0	0	0	0	0	0	0
zf-dskA_traR - single domain	4	0	4	4	0	0	6	9	0	2	1	0	3	0	0	0	0	0	0	1	0	0	2	0	0	0	1	3	0	0	0	2	0	0	0	0	0	0	0	0	0	0	0	0	0	0	0	0	0	0	0	0	0	0	0	0	0	0	0	0
zf-ISL3 - single domain	0	0	0	5	0	0	0	1	0	0	0	1	2	0	0	0	1	0	0	0	0	0	0	0	0	0	0	0	0	0	0	0	0	0	0	0	0	0	0	0	0	0	0	0	0	0	0	0	0	0	0	0	0	0	0	0	0	0	0	0
zf-TFIIB - single domain	0	0	0	9	0	0	0	0	0	0	0	0	3	0	0	0	0	0	0	0	0	0	0	0	0	0	0	0	0	0	0	0	0	0	0	0	0	0	0	0	0	0	0	0	0	0	0	0	0	0	0	0	0	0	0	0	0	0	0	0
